id,f1,f2,f3,f4,f5,f6,f7,f8,f9,f10,f11,f12
obs_000,3.0708282854577664,-0.22683827143037988,-0.6528270633563116,0.5905850386488258,1.4997337521184722,2.7241961383547793,0.3028120413362832,1.3154301019010994,3.97446230013639,0.6014950798705397,3.267446527926781,0.09041664568437718
obs_001,1.5025886398389323,1.4517528252866438,-0.2089496465600021,-0.28731059683010834,0.08316173840418675,0.7728849302941696,0.4480583781048619,1.3202526493896092,3.047532619932463,0.7965154913162092,-2.201641607531982,-0.5056986976675454
obs_002,2.331815926550964,0.8529791613444814,-0.5712138402526186,-1.4686233307036218,0.051118255265980336,0.3668114158089063,-0.7738433996110401,0.6401858218052641,1.8024770631058336,0.4050855784776429,-0.036850887585902437,0.4405759300971122
obs_003,3.244936370236176,2.3425355255064226,-1.2468985019453807,-2.8533768473044505,-0.09940927565710383,-0.015948882805265185,-0.1498655256033485,1.2100472521638752,2.9840087612890422,1.5861926573869911,-2.457618911756972,0.6172672169055206
obs_004,2.8486050336817827,-0.12034196935610264,0.8366670577202606,1.8093472198709415,2.534640423507896,5.8629391400181285,1.5775450614654454,1.752132491605106,8.683980680172054,-0.007706656058014384,4.057027222214664,-0.8453561122983124
obs_005,2.2941377321924707,0.7689861262904216,-1.374342282745538,0.5499115301349695,0.23867268991056784,-0.14006489931859892,1.653012483437707,1.6984765933836337,0.5942512589918649,1.5820851223273504,-4.827593962611842,-1.315500150124031
obs_006,3.5252741807833914,0.2507039509682206,-1.7984185837043285,0.47400598977377034,0.7071962465392404,1.6817823197997117,1.2207410995368053,1.8215134645765365,2.1024634729737635,1.2420316433281091,-1.7485767706252635,-0.830503184139109
obs_007,1.951691958445739,2.127025715687198,-0.7651661888258389,-2.4823379089870414,-1.0582154369181176,-1.2727689153991482,-0.3754637480815502,0.21341159215738342,1.6176069869694634,0.7260738744172277,-3.1104885729031633,0.24244167444667936
obs_008,-0.5785765651100261,1.679060604756212,0.04571607614658911,-0.18205412888437955,-0.5656660647131364,-1.31550926410138,0.6777985793855097,-0.6470697326578817,-0.42333051142881606,0.1746283988154122,-3.4678514995388396,-0.6403336793260835
obs_009,1.8299534744658466,0.07398445986787566,-0.030720559099975203,-3.319896327084,0.47487957569352696,3.3155378713253505,-2.7280862689064533,-1.2684788358681909,7.121678866023575,0.17444278643332123,7.704693172456775,3.0394736174970496
obs_010,-2.413273550887705,1.3174063463420058,0.8220337709851875,-0.5411772802321673,-0.2905203052905818,0.2532290627668862,-0.16703083009731168,-1.4055530598810435,3.353066724280044,-0.7125413234165847,-0.37117045770433643,0.4843285964065136
obs_011,2.5883810532058695,1.9414605665943667,-1.769076482726124,-1.4055540576949375,0.1667938199975638,-0.2763141708611572,-0.5770122441728074,1.3001782031447986,2.4179655489461944,1.2597724023983299,-1.125024967691365,1.0398435002704063
obs_012,2.5829028319412024,1.1377397884904377,-1.1551734556637996,0.739285029409271,0.24992649123531338,0.3956642710979528,1.3709713175589844,1.8860834915750664,1.516648979775518,0.9153154156901266,-2.00103057049371,-1.0399462105446076
obs_013,0.5156287323117897,0.3505202721902458,-0.16947734311255172,-0.6166286370788412,-0.25814254034690254,1.2470795287029128,-0.3985120078011063,-0.011898878309013969,1.8246042962692366,0.11210301350392435,0.6192989371450633,0.22423861393686628
obs_014,1.6063583959760621,1.2305248797165258,0.011485674769787568,-1.5001660805669708,0.030249419716012756,0.9631077469074145,-0.861810376760787,-0.38928964670467414,3.443236134813532,0.24141865593371836,-0.5040330960438276,1.2048173643528892
obs_015,0.779379338244768,0.6524083012651514,-0.566172750530793,1.3811018283339966,0.0564902199665642,0.22734146162720298,1.7411741843769568,1.262045199988053,0.7587879570286957,0.9206675375585204,-3.2561182208331103,-1.3319766774040918
obs_016,3.304729290273985,1.6926988139718895,-1.0443187411174903,-1.9825385606255064,-0.05479384127261138,0.23880252642811456,-0.11224578974064706,1.271470995498878,3.478850491329036,1.6482416305664132,-1.3651300693417234,-0.08553480078323422
obs_017,1.3002525756700885,1.2690815696860644,-0.9787522544560076,-1.3202258718674618,-0.5308808976585057,-1.3973699518888059,0.1691935249003229,0.7597148364251427,-0.3703851559010005,1.5597055761179595,-2.984127415162994,-0.624125106530226
obs_018,2.0410972594667887,1.0517334616941618,-0.5333882970254343,-0.27450794920034083,0.6611211484178978,0.8938201178055409,1.222402255306746,1.4954023557964011,1.6713977276663359,0.9844081735113247,-2.029880289356353,-0.7275814474839458
obs_019,-3.483915298513615,-0.3507712130677245,2.220661992433366,4.2686529177820685,0.5299701986579886,1.3990645818661547,2.368924485202608,-0.41292657326374266,1.472394182552204,-0.943728842362234,-1.9347259788797027,-2.712520335286849
obs_020,-2.784576120796903,0.23855481152770097,1.2470939502756757,5.174917143445648,0.3037791130546081,-1.2706100749161588,3.7478533753998216,1.2383227578819807,-3.9318784279418306,-0.22464040868125848,-7.123007197627697,-4.549291658299437
obs_021,-1.6947820047439406,0.8974947722580872,0.4906267785392623,0.028101400428557688,-0.19934954468745575,-0.35096145358426084,-0.07677797488018806,-1.0531887656398475,1.8845638212631177,-0.05003616057739785,-0.7571608388253738,0.2737989380541239
obs_022,3.2343400073889614,-0.4859823192606085,-0.3011168434261229,0.1871717542861733,1.7643957490333098,3.6304269336697774,0.38886586007204454,1.7755381563556958,5.9135043699863346,0.4401174213304766,4.031501291876453,0.7215444130095645
obs_023,1.4560791521179257,0.4043098959660788,-0.38672565162249445,-0.18396363442282215,0.5245329340963296,0.6864571160886569,0.3073577858798284,0.6504109043439406,2.1601147414262596,0.7328576451079349,-0.43940980458944817,0.0912018459836329
obs_024,2.923207200095147,0.7839479867656844,-0.7259426171818776,1.8060190706974255,1.448582809872578,3.0959146683928913,2.232959035471021,2.671514942408795,4.99043990609925,1.5347280888001604,-0.9312450111634167,-1.4360328848554182
obs_025,0.12672664954391222,-0.5854176677413487,-0.53809541591988,1.4688178774729235,0.47074828667171037,0.6451672955417207,0.6782602769487358,1.022571061781552,-0.7469164602197829,0.355364169096752,-0.6116191781567605,-1.1696591553539897
obs_026,0.631890714761827,2.5924174756150813,-0.8576436888762945,0.2843672408936943,-0.8537851498354898,-2.469535108075681,2.063816166264901,1.148625354828524,-1.4346811903674097,1.742717382645979,-7.786216661887169,-1.79584477646102
obs_027,-2.558319467448042,0.7911667731691857,0.8828715105698514,2.971992832558676,-0.18042912038143724,-0.019105743961629257,2.534145745616617,0.682481287108631,-0.6912820880563066,0.3442942329298082,-5.585355161630553,-3.736257333033649
obs_028,0.8648218306868565,-0.4673140203434051,1.019870318400757,3.1930414317263756,2.3119296344283082,3.2644142729884456,2.16987675682691,1.3780284996637346,5.0332767354491414,0.5656579356794047,0.03018893336709394,-1.5838901664931093
obs_029,1.2719430977223847,-0.8977600254408762,0.18391703356642405,2.0112828773071727,1.5790919990417716,3.4563003005772863,1.0732537341218105,1.448141262849221,3.948583350046526,-0.18618644168158854,2.414008814253705,-1.1009206735227777
obs_030,-1.3743046271720605,-0.6065808922806448,0.08252363922466033,1.9655584917680868,0.183315435554983,0.933608159619824,0.7786776553908914,0.1857155141359274,0.1857882320231899,-0.2088599870939197,-1.2794523651453167,-0.7995928210617936
obs_031,-7.958672288287525,-0.0438351192512936,3.0153495108464545,4.087659938622581,-0.19445866640473616,-0.5195466923323535,2.2290783799644953,-2.6624146204451544,-2.8177554490113654,-2.3743359287051873,-3.9931661685505064,-3.0256812073783665
obs_032,0.049366853708075836,0.5209680954917776,0.2406626321611068,2.973562211528917,0.8454373918416502,1.4082103118372045,2.7380298346008614,1.788265268741563,1.6526331476281453,0.2434688304480393,-4.0365432229157925,-2.908718584133315
obs_033,1.9996478732290237,0.6921991747387212,-0.5208120556925072,1.2349294855942392,0.33663536757440027,1.6684412215043556,1.2047687058846326,2.503250210342816,3.4717155485339317,0.9801160379450878,-3.5840444333414667,-1.8885432782627154
obs_034,2.2500801134322774,0.8850218395400066,0.3895453181038721,2.0716427576504457,0.8612585611869741,2.362202771659772,2.9180226810682908,2.4385844294309944,3.727608652100484,1.0600991320977777,-2.7200899886647334,-2.33989523465482
obs_035,1.5251715462936395,-1.1859756261190013,0.7071887291852916,1.666951530549275,1.1231437620281248,3.6101647884507293,0.14810445110860143,0.6960449570636786,5.01919888220319,-0.25737671193735884,4.055659914030233,-0.5243983098131191
obs_036,2.2682525750918545,-0.06208342345502271,-0.6749308765033414,-0.7708748800689031,0.4361686555464007,1.3437621435528728,-0.14073672317308272,0.7740230201440513,1.8500063943123641,0.28090455693413313,2.234958143380071,1.0738560483940844
obs_037,1.2592313850754822,0.14591030993668397,0.35172187258505516,-0.20071949330328637,-0.08773807411899581,1.0023272626939808,-0.02979954683663244,0.01997138057132214,1.5852873097118443,0.5559621979276415,1.1623640190393538,0.9418521332280079
obs_038,-0.25772830960955173,0.4029757958611493,0.012919235594127606,1.4376813784619435,0.490717109419069,0.07644552578321043,1.2431061552654585,0.11543285766302835,0.050273580637028026,0.49013853232562293,-2.4446720265553084,-1.7451622515356189
obs_039,1.7933063923298391,0.3533052734999015,-1.076643220458564,2.453073065627053,0.22820665655919542,0.4773218815829819,3.1854259206062294,2.2673883053952357,1.1736638778017126,1.1500826054929734,-4.943354075566225,-3.1665624006172064
obs_040,4.0495657182032865,0.7692251354089223,-0.769619151849956,-2.3576687947068913,0.5038858276254855,2.074085549853997,-0.9367456917078776,1.3132548163952649,5.238258374964754,1.217729432113553,1.6727218841756741,1.2615618887748061
obs_041,0.7470168259085193,-0.19044603528120418,0.30176954441226256,4.15919610921148,1.6800443778635181,1.1333379690706136,3.2975663638101427,1.6456357696251334,0.2199893668016648,0.8529069480353638,-3.3498652544492025,-2.795081503105874
obs_042,2.4235577339563905,0.14105892330354827,-0.6880276967727327,-0.2301706961760826,0.5085244871531008,1.2365375905568068,0.2825957620452349,1.2013866398646351,2.4072184267042553,0.7197207644245034,0.18103937275263615,-0.19900787284726054
obs_043,-1.092490547840939,1.0470671333580923,-0.06699558912606518,0.8651431541664993,-0.7558372628926595,-1.9072705025542864,1.307418776357296,0.5978901995944816,-3.091568480232357,0.9389156316507148,-5.608842806346842,-1.2688627867677607
obs_044,-0.46063916953829787,0.1865844379694147,0.550238676148994,-0.26233302761887045,0.17444833491358608,1.057698409417313,-0.16531413183411361,-0.3988373777265382,2.3945728424581714,-0.3798084695904702,1.2000382579424647,0.16331579098356402
obs_045,1.3418097184480202,-0.6989814936017282,-0.318394975517311,-0.05571203669422062,1.3848817744749544,2.6265494989145743,-0.41067289448470606,0.7591086970022078,3.459948312020456,-0.08163641626310264,2.6329500990675667,0.31195881003265646
obs_046,3.6230935439104694,1.5907358126444358,-1.2202712708119243,0.3776777908460678,1.9669070743029042,2.595438511467063,0.6542713868654306,2.1525751808251514,5.881133657354668,1.159044169701489,1.1466344340813401,-0.08147869115075823
obs_047,2.4209699618331895,1.0025754088930139,-1.0910407620096865,-0.9894623998167968,0.18857549123293316,0.0376239923435808,-0.394495077542178,0.9806327417490902,1.4169364855890718,1.1791303573682776,-0.9436343468424329,0.31500560261886656
obs_048,-1.956489212841633,0.7562347675086109,0.6703539550938339,0.4262767467548161,-0.42809622517924417,-1.1259266744013101,0.9643356786372644,-0.45950991782013295,-1.4182532215117405,-0.05408276974821944,-3.4171630745624118,-1.3924796557358106
obs_049,1.5510539293101506,1.3896328675159633,-0.4051816427564285,-0.03569975664102554,0.4674419907639949,0.7454421975604828,1.429488508371361,1.5468437121445853,1.9177992614361834,0.8444826934122847,-3.275685725535279,-1.1479119246466452
obs_050,-3.9339053047728374,0.46013500639068894,1.6111454457191892,4.277887304359364,-0.13001607581899322,-1.2400257714464518,3.0207739912078315,0.02538943339877403,-2.865246645970917,-0.02553476187250403,-6.690131464625287,-3.0143343828395444
obs_051,-0.22965554665532634,1.838406676427661,-0.22768684393793628,3.7759740442362366,0.26163397314248593,-1.046408389700426,3.8856309793393122,2.583877220910457,-1.149247314919824,1.0001623427795048,-10.04069540768644,-4.336651562351392
obs_052,1.4590181026973574,-0.3681948834901274,0.26975177069849,3.3442730109496166,2.085214932925686,2.3434043849005124,2.5667123150902307,2.2639716250695305,2.1775451981512197,0.3218425998481529,-1.5272964488445506,-2.877229442426948
obs_053,0.6832128415060417,-0.4669261016865341,0.2696593797918543,2.595526323415427,0.34076864542672436,0.8437851420560268,1.4484236492188263,0.9317136019002293,0.22466248623329776,-0.039303619834048564,-0.9704258474319599,-2.2914109527599584
obs_054,-6.9777411923043235,-0.33501895674770177,3.960565191041981,1.0710321758764445,0.9605500824929734,3.5728010435952884,-0.8198816527610503,-4.433618103512967,5.122361043977703,-3.401408016605908,5.464419069404523,0.8922356132001718
obs_055,-0.8900685388782554,0.3854730930537579,0.2759342595806052,3.790190062718767,0.3282253158661296,0.3899231402104157,2.972600118445265,1.8908306807962256,0.25027651024394976,0.32566599788844663,-4.622253879437937,-2.884238112389595
obs_056,-1.6690537103914946,1.1751369070539075,0.43687153986360655,1.892599522546884,-0.2365063312651276,-0.6829006664258246,2.0128340124950044,-0.11545420961874436,-1.131699797993166,0.6623853109518645,-4.884180974113122,-1.9149635658774353
obs_057,0.4097985305234505,-0.04411190331401878,-0.147238068984835,4.252443316945878,1.080517993096958,0.6622367168246678,2.7732264087953755,2.6277374976519665,0.24440784092296491,0.8310043263886697,-4.537289240739585,-3.089922645997907
obs_058,2.4106603934714066,0.1427209308348102,-0.26456624647072946,0.2885768420917231,0.8888744383992742,1.2306662998231648,1.4411914280426656,2.051106974929072,2.4544935710203926,0.7389894551451769,-0.9535551193465595,-0.36621883535365796
obs_059,0.07947905017420942,0.15711101493141166,-0.37246197894097643,4.3645259166890185,1.1310862012330887,0.9969317695334317,2.647522586089364,2.364836774218759,0.7073291139170836,1.4074701134760406,-4.513514954073588,-3.1620572753581966
obs_060,3.5904181936435426,0.7280397388361309,-1.6033711367466894,-2.6082697076171746,-0.18778592699740526,0.4390271937364491,-0.7315248363436075,1.3921075114151087,2.3725789621160165,0.527777765210716,0.3883068447385569,0.6940839374806317
obs_061,-0.26125673224045964,0.6541142408487854,0.10934760669223104,2.7697261890204103,1.1323577696189324,0.9503881107876517,2.612281110614336,0.8804977283694626,2.2646223345935113,0.4463889090035832,-3.7390059822676616,-2.3251455861625505
obs_062,2.1254858890374497,-0.08914036391008534,-0.6395707827351678,0.6323189687450729,0.7358610267204128,1.5794698637615312,0.18795741876552927,0.977272710298801,3.2269015768833036,-0.04248688144657675,1.6040330188914602,-0.15498040437056954
obs_063,-0.30017993731240505,1.9252295860186763,0.41342805259820925,1.1283932934137928,-0.06404496295153127,0.2067775721262734,1.6796830445822497,0.24674484381793133,2.5897075617629906,0.5893062765523588,-5.387623753533356,-2.183368469483672
obs_064,3.257032752205765,0.5688809720842984,-0.995348529659583,-1.6951035995952768,-0.05299980005628968,0.7101451787381821,-0.7310165558871945,0.3228948359260082,3.7525933296315115,0.9303986266675106,1.0291162784093408,0.9634935004669124
obs_065,0.2795346084424566,0.533818915367382,-0.45736846369584216,3.6027407645633587,0.2858572676900234,-0.9158651130885194,3.1904635858408867,1.6621807348941893,-1.4699311349428679,0.8823259409486679,-7.083942636726994,-3.7577874817057677
obs_066,-1.6728307156236668,-0.6693110694587296,1.2246907499232398,1.3192798758208126,0.7120082444106377,1.1345710019814033,-0.08295048830841911,-0.6828653635487133,2.474609105407251,-0.4150398431239425,1.7459654654174597,-0.5339915032414759
obs_067,-0.6765245492841588,1.3457914772971253,0.06866477385329056,4.388507084838262,0.17108857623290083,-0.5492172680893939,3.951127806598874,2.0263068282853776,-2.1187741022530826,1.1960789828132534,-8.850822395138039,-4.3659530682619945
obs_068,2.0987089125470586,1.1037424471355728,-0.8990985157990541,-1.459252173330606,-0.35580270758611887,-0.3232686588420387,-0.2564030399865707,0.851981722361247,1.0434404844625202,0.9448399410683613,-1.6149562829582635,0.10057017358146456
obs_069,2.0553276041090225,-0.053632626570543115,-0.6387882633202242,-1.0572884011927206,0.3270867509159486,1.7785696010074326,-0.461936953627016,0.21023979148226862,2.967772634166956,0.44662918472763335,3.07616768835302,0.7335334826120263
obs_070,2.9027538670445665,1.148726231550717,-0.8368594169822569,-0.8047576175429385,0.8649189360231487,1.1126125254722457,0.4668601507833655,1.7239547611132617,3.237212726369214,0.5519244319769289,-1.2203359891906036,0.22116607157375118
obs_071,-1.554212622958648,0.6701679613337533,0.7048725669568601,2.6067037035379172,0.5188060595337279,0.4007369852568702,2.439772442551574,0.5891057511375808,0.20874335409555306,0.08426195197543809,-4.559159837547181,-2.6591864207111096
obs_072,-0.7736611664154098,0.9223257795441684,-0.032913820681336414,-1.776572604533739,-0.5744972300402588,-0.9781645915398335,-0.4048318786718222,-1.3285414847719377,0.1917252669094423,0.2028775767655814,-0.6735208495429611,1.2740422456510339
obs_073,0.8634221838896707,1.9603327389931808,-0.7395568305085307,-1.1744963084830289,-0.8454188525863998,-1.5750628493066876,0.2840225676959098,0.128798093377196,-0.006905641378035329,1.409727152569994,-3.8804409873733112,0.35860394366664805
obs_074,4.858781434572901,0.5219487221983424,-1.4615782236633859,-1.8213931926708,1.0169300508226358,3.923596901816941,-0.43683982798132115,1.8337625783238718,6.594316571290838,1.0022821909542292,4.104220191069474,1.9023380043460851
obs_075,2.7469405693815236,1.576820293441534,-1.1684675397893418,-0.28453013065177146,0.17453037803192248,0.15824560840706514,1.0565776583883024,1.6817915546021718,2.5507684356750753,1.2815976236244535,-4.386465241165153,-1.1201910961711878
obs_076,1.087803745863978,-0.11075581220506336,-0.08230920840732242,1.8670887675735717,0.887192946510243,1.117884459896167,2.313358329911862,1.1682596554560405,0.572501705423397,0.30282436746958075,-3.138445669566452,-1.4871343566862394
obs_077,-1.0107803308882375,0.27619289359505705,-0.18784982420174728,4.708445851684649,0.029289658169561944,-0.7989091639728263,3.534377706511029,1.6628926410376184,-3.30013018400507,0.44121585884195613,-7.179977777002246,-3.6117063362013444
obs_078,0.48977288474744973,0.45976997389887625,-0.2578884537173176,1.188961919325911,-0.0800625951205898,0.2502748738884526,1.8740539809630121,0.85741494308582,0.4373806229997954,0.7997452041182058,-3.3522196698508813,-1.7277890575589152
obs_079,-1.602559448959846,0.5656903295462157,0.660279545618283,2.969075084617606,0.2805982432387137,-0.0017683497779585333,3.0650083840686175,0.6849376099917794,-0.8926406350284295,-0.18758293538400478,-5.702882061264761,-2.879228010820144
obs_080,-1.862872166566018,-0.17018609583633681,0.20517344023080303,3.6308787130385616,-0.7511012780862476,-1.7369732326104583,3.1737352029637265,1.5842987930995778,-3.8087033081588983,0.457620188048572,-6.3378624296207535,-2.8567259273248635
obs_081,1.7524977256689664,-0.9992348030078972,-0.1713082875381992,-1.1216501761197823,1.2409179021919725,2.4907329902851334,-1.4785674626500602,0.1452859893814839,3.2025862832310903,-0.3891111868594628,5.804751042218908,1.5848801855881027
obs_082,2.8357375978902803,1.6036104780751073,-1.1085719530464666,0.6520089902552121,0.16793545557310147,-0.0722606997381044,1.4081970704743512,2.2877232808784655,1.412302172477502,1.843533596722501,-3.5810073256781365,-1.6984807040622272
obs_083,0.16446349821045134,-0.6414702098926475,0.5230016747729731,-0.12351534147395837,0.7387765666522026,2.4245208215280964,-0.37416602140414845,0.016232090603375424,3.6138333937531923,-0.21545785062358658,2.9953514557088643,0.24654060402042843
obs_084,-0.5891984457629332,-0.5723904789760272,0.0720634416212455,4.219006849902175,0.7498960195781613,0.1773264404947258,3.1879723368713346,1.8273562207455984,-1.062245701420396,0.5450514438270114,-3.865834033729229,-2.8358298946039207
obs_085,-2.2062644421740805,-0.7890113080733834,1.3868095156697982,3.2231562881104496,0.8094860664283301,0.938109548515029,1.3836046239605109,-0.13816528798022,-0.5045189624869285,-0.7505835478104395,0.2679026852043472,-1.7338200738876293
obs_086,1.952195045738279,1.6675011999207103,-0.7038780481933707,-2.009204441092075,-0.45041923528541516,-0.29175291316337304,0.35192813491991104,1.2060820119952353,2.0300996221289824,0.835967051953747,-2.2106610519883474,0.16411839485176125
obs_087,4.437633850073102,3.0234596917055216,-1.9567886210961438,-0.9357826027867874,0.17332076327140544,0.07276413378099719,1.610785528194327,2.3868952454107895,3.319945988830674,2.421370086076705,-5.870736636234057,-0.814812855024541
obs_088,-0.34344013052705846,0.26950374447143743,0.3195707483053765,-0.5411688986970017,-0.3586757589548961,-0.781176776553358,-0.10281135258052296,-0.11931022953130177,0.2147383995598802,0.21139053241747566,-0.7190668317681272,0.02078493635878151
obs_089,1.1991751685123653,0.36379251635926746,0.3538352050955323,1.2774659876946841,0.9201168471692031,1.1276581476362537,2.3289196258236977,1.4688053070577902,2.688922065771645,0.7823494591871833,-2.5696530455844813,-2.0669061169780494
obs_090,1.0788723425988669,-0.7530270279100595,-0.822458722513357,-0.11388525672728128,0.14480714239140646,0.5361336741679235,0.4675654774986304,0.7237838774726914,0.4602507209838537,0.26305679108884084,1.0079973556491673,0.26051888553446084
obs_091,3.011114279966094,-0.1194536900755255,-0.6018433499296083,2.2666306573141126,1.5053941480080226,3.132834027743066,1.8620322985919435,2.418325467113039,4.1808000599771225,1.136311540710977,0.3223445056426252,-1.8280716991190722
obs_092,3.014191980503238,-0.15276084756979336,-0.4225458700381566,0.4002442393348087,1.2133189935019444,3.247883354856384,0.10400190900144884,1.4972368215082348,5.20340943634741,-0.2866884689053571,3.495352406136292,0.7858307779385849
obs_093,0.5533339589800949,0.12997752840919574,-0.02362682226185739,4.48757308598756,1.3331842025627796,1.9187839339181922,2.847164401051252,1.8103939605314314,1.8505679536929664,0.6553278512829622,-3.1657741239466053,-3.4387447252515333
obs_094,0.4643105585507744,0.9079398618861231,-0.24221574623291098,0.5208391256434757,-0.44542383676295205,0.26374989834532947,1.491240945366593,0.5869992586483875,0.8477517621610897,0.388117290878883,-2.516347086038212,-0.9335742158116728
obs_095,-1.377242432711097,0.15149837341207056,0.5080687734488046,4.236652585231154,0.3339252898847917,-0.6080787094015973,3.551943942014271,1.308150852603159,-2.693070310368835,0.7160981025150184,-6.330676537640761,-3.735954668435535
obs_096,0.06235999676936588,0.6812691501276529,-0.09773575832675505,3.5149372713436207,1.1208632685840927,0.22825124373605693,3.269903581285386,1.9512761015775835,0.06591108912492916,0.83401352299706,-4.530314904442943,-2.994376946520181
obs_097,2.172098985589974,0.8467351747660389,-0.6956542447241605,-1.6309743244594146,0.3524621267808654,0.44498628613487906,-0.4652306103030047,0.32497383249800815,1.8863863727297059,0.18988169936469745,-1.0601066573458777,0.07844356241156719
obs_098,3.384357036124245,0.19987272956609492,-0.7596179772277114,-1.280592643291036,1.122219329719225,3.0656389121140486,0.3995708454439315,1.5349011007248317,5.326131746111961,0.7214140723864192,1.43634712373911,0.0779661544039606
obs_099,0.5179229722045156,0.7915941611463937,0.3597965710826879,0.11373039999832196,0.336997014700754,1.3117921303401556,0.41776433683667963,-0.45401744255413984,3.491768308021506,0.08722970934488747,1.0223485165067825,0.4574501406901993
obs_100,0.18820067634663315,-0.5208143461202095,0.03514463343656385,3.462673171231493,0.9174664013288725,1.1315052419051335,1.852285998695193,1.3385080466085908,-0.18449042446620179,0.40519683585791855,-2.006176864833935,-2.2436270709404793
obs_101,0.9184870599691527,-0.47655167172759105,-0.4877058792182304,1.6330850701495,0.5328357489524501,0.08442755747760178,0.8540766343571533,0.4499492576630365,-0.9848614976370189,0.41460569385264257,-2.0207983208929634,-0.5618511206810463
obs_102,0.3634287975831472,-0.7898084701697832,0.6855513517916022,-1.403223358800318,0.34385718162492696,2.467149967238987,-1.8126879252563848,-1.370643168807968,4.528708425022994,-0.9949809332612877,5.87822574919521,1.94841854328824
obs_103,1.2676059986929231,-0.5953378870683818,0.2698473856101986,3.5351299991281433,1.2803011109430105,2.7315269171109637,2.4244993778520083,1.9727560376318531,3.0707898071876514,0.2454537048028932,-1.510652987130211,-2.4691795224981052
obs_104,1.6481320770182442,1.7547637418563913,-0.6826744874650396,0.5292290460093839,-0.11608923193788814,0.3811348723591836,1.738389630098694,1.4029527078050683,2.124925203510554,1.144145746623122,-3.8994365814402223,-1.0423274256384518
obs_105,-0.20246629710845954,-0.8073183246736083,0.39044318015021023,1.9312334924852486,0.603319861224213,0.9224076850819718,0.831944883763913,0.6925737615317831,0.5692129798275389,0.013705051213912578,0.315112167307413,-1.212476194290597
obs_106,-3.0632871941613424,0.6278543258480391,1.022872327668645,3.1515471300658486,0.38179481956071715,0.7744037994903106,2.349326999448879,-0.9953923596819109,0.42320454503090676,0.04184599001950601,-3.377029901082647,-2.4570004415702975
obs_107,3.9671208690608215,1.122324999542994,-1.0278276824655928,-0.9945071948521349,0.6682683609101898,1.1031531127638412,0.29276396042597996,2.2365048478891483,4.12251295030824,1.098785164433815,-1.577323339785942,-0.6844226682430642
obs_108,0.42484159623353135,0.21661816925008037,0.35921951987949785,2.7713384403561268,0.929681139025238,1.4422815637363036,1.9214081473631304,1.0463456172274967,2.036394386689779,-0.14140360268291302,-2.447565334412913,-1.591464213867186
obs_109,5.311463962302859,-1.2356512707253713,-0.5455412095815846,0.04281677977332406,2.74526154358172,5.451237996364636,-0.4292401176988576,1.7961345445920913,8.021650740411284,0.46588557929452673,7.336166727443262,0.7900708960853655
obs_110,2.8201455728553135,-0.4934685840749474,-0.10672850258004929,1.1157221884241497,1.5294964491723713,2.8606754919206514,1.9589239864408075,2.417431817541965,4.151751303047281,0.3087080711913184,0.8677953403711971,-0.44854463434419034
obs_111,3.2250744767100725,2.7592024606004752,-1.5604781903481937,-1.6176942628888757,-0.03018821735267596,-1.726710844329992,0.3528022815084396,0.9352820913974316,0.2898288114698991,1.9295652093932785,-6.140277376294166,-0.49109902655292575
obs_112,3.7016791271027993,0.5365926515339821,-0.7612064803845401,0.018646500906479457,0.5980105420357948,2.5450281275737283,0.3794566662997953,1.6126273498131998,5.228757109827485,0.8776365480191428,0.916996177426324,0.08923495686700009
obs_113,-5.007572441902159,1.3181186996658112,2.0899444964300686,-0.7798108087244865,-1.294723208889054,-1.2399094162894788,-0.9793465374627861,-3.182229758919157,-0.43744029738839896,-1.13621223528689,-1.968307545921609,0.7359915676969208
obs_114,3.4365763009438157,1.282312269775156,-1.1289672427370332,-2.8054986830032123,0.1376719022065832,-0.27218022026187433,0.03763604392487575,1.2770991095893778,2.239601908632351,1.2125052370757394,-1.3571542003666361,-0.2055363470497255
obs_115,5.757893199667119,1.3614053350199975,-1.8771844485919669,-2.4986816736830204,0.9787094442473915,2.0093624356335003,-0.7328480599620447,1.5352285605634597,6.458391349998874,1.3819232463471085,1.7867345198372009,1.3389551471855659
obs_116,-9.201383289159532,-0.2910925474613829,3.9725379033959016,4.432828612561857,-0.7242142525565962,-0.3745549964055917,1.8209843052895298,-2.8538831042621853,-0.5118313859619422,-2.5127210505786275,-2.002291502881546,-1.9542729162419865
obs_117,3.4172191971304584,1.1901009514315308,-1.5412097408465097,-2.9515624634524364,-0.10797290788603853,0.6977362934026473,-0.6328750001858345,0.6779136719382286,2.8067661073304864,0.475308907444332,1.3797849894011955,1.6737193669437134
obs_118,4.62242209959982,-0.8143807572767869,-0.6854778423660676,1.6908117233074775,2.6590617070896445,5.636594765615427,1.8315985108581339,2.3347097410439135,8.118706618334357,1.0981743911379351,2.566738809565078,-0.7293909055462984
obs_119,-6.6716007175349725,0.5460778007795977,2.5683938803892112,3.9959220429801783,0.15178130471455797,-0.4841959768241885,2.5177080989641416,-1.2694392038394051,-1.604196126998843,-1.2365765313009656,-4.728566024719139,-3.2880097009828217
obs_120,-2.7356906996878747,0.44868744683028455,0.6548397154171555,1.5359850303226936,-0.9796941888060737,-3.144639478715543,1.2008523312206678,-0.6179321841386592,-4.944134617017002,0.5036736365392349,-5.228271915093925,-1.4771590310932678
obs_121,2.096299351046087,0.10914016237956836,-0.43038136328243487,-1.9190467792923762,0.9056088016562721,2.3760414558847076,-1.463710997455458,0.1749182239201289,3.811318716918991,-0.24069835259601177,4.899703035276034,1.718743334594615
obs_122,-2.606432611968778,0.9158636959131478,1.1768624132255348,0.5021901154975756,-0.09554932964658039,-0.06117038102601616,0.43009706195113906,-0.8783953638128305,1.5933925463456573,-0.34038321767320445,-0.858230138976584,0.047975592696319125
obs_123,4.253561763896929,1.988682043161096,-1.551265032615861,-3.26489654214445,-0.08113830183610854,0.554681413119429,-0.8888913189587165,1.4265781570402654,3.981141897493165,1.6948201568966839,-0.22187527829589526,1.6329619647603437
obs_124,-1.796567047699617,0.17907937977123245,1.4907094272331587,0.28210080287111355,0.17854047140018878,1.01367891384104,0.8631625711848151,-0.5719735292500726,3.062013625711703,-0.07118581174454414,-1.2603406124505494,-1.008479950304472
obs_125,1.1620360699222538,-0.06493307265028642,0.6455328347166941,1.6700722850021332,0.3673861592451336,2.3694635478342,1.0708427585855766,1.2283341002605486,1.359635456682909,0.5354581833955958,-0.39242624527233133,-0.9219734858365636
obs_126,2.252898275411762,1.0134780934157521,-1.3076535171615893,-1.3089784240559292,0.4618363513049183,0.15672363207082557,-0.8117792953880181,0.7108764036652249,1.8596365535182586,0.3675059003877389,2.157906888027307,1.2479512145285345
obs_127,-4.624200071222772,-0.7789990725127272,1.3146924727344451,4.599831409182596,0.458751592634937,-0.26708426890327047,2.770934323449083,-0.14081907883432415,-2.6551830135520693,-1.1440547511520625,-3.7051718690560245,-2.762281204663571
obs_128,0.37405976256152335,-0.6882149079784319,0.3054952129996231,3.9666457318270596,0.9659685351568301,1.0018823928286338,3.0136271168280113,2.036486684957596,1.050648277803242,0.31808815736218243,-4.7052803845638556,-3.4653663673693185
obs_129,-1.644113966204641,0.9040032528085046,0.02554826821228129,-1.3320011157266887,-0.5277707629258658,-0.5000008437806043,0.33599097010001155,-0.4295280590363685,0.3898129302499732,0.32073971952610586,-1.6961652972871537,-0.12841406069083394
obs_130,1.1720314283456668,0.8869822828402563,0.078041448990402,-1.8480733274934702,-0.378099941263669,0.0832152013369028,-0.16292258352274896,0.30805899040756474,1.494760105822155,0.540804341771615,-0.3631386481746899,0.9353551440024448
obs_131,-0.3843155936399395,1.5969710721614105,-0.6129348385141011,0.27753954977658635,-1.6498002944826453,-3.5827915684009506,1.331608399356696,0.376962519160584,-4.360607017191308,1.4036439135757353,-6.7162023958915436,-1.38676426176793
obs_132,3.580631274800497,0.5588711992319577,-1.272548746114771,-2.0100124691479255,0.5603429985685177,0.40827775795733123,-0.7007643199008001,1.3037731468559377,2.371297992357809,1.1801916331112403,0.27122732136017036,0.8428673838827514
obs_133,2.0540791666842964,0.9465739744211077,-1.115951599469339,-0.6804093537535433,0.13059350731123046,0.810073739962328,-0.045919526149352366,0.8498257367103215,2.182197583333527,0.4912503014403321,0.10736281009825321,-0.3731320707044073
obs_134,-0.5314708712957067,2.4301052610831335,-0.660060489118623,1.2066189036338828,-1.1606807158515011,-2.54362491110097,1.922577982610306,0.9236824295731852,-2.5029720136175624,1.454439836472417,-8.521030783195911,-2.273447766350187
obs_135,0.5757409460703155,0.24699307403680953,-0.1645306983499411,1.1629744474346944,0.7078382400115553,1.1059549309377554,0.9697092393442968,0.6114266702664142,3.121166769803829,-0.07928150408857819,-0.5461196643120582,-0.5999923187907976
obs_136,1.1568774646730482,0.09298835038196979,-0.10984654659127879,1.7674126348625627,0.879689301327089,1.9788245967234834,1.972497179042212,1.7441471446332701,2.9802016946691956,0.38195048085697314,-2.2108232261941256,-1.84292273138324
obs_137,-0.7728892376803785,0.009401313255194749,0.5662526367517134,4.843027210543235,0.6593238222343678,0.6621452272507512,3.0518214223920705,1.641970385934869,-1.0147878382487656,0.27201080059061084,-5.493771215666955,-3.3971245930690164
obs_138,1.1806382012891878,-0.3957597703754078,0.13498880777633762,1.5522493419359515,1.2255035249076058,2.3040909317881524,0.5842841187312415,1.041399396877971,3.27946731430708,0.3238563776183029,1.2016040083818784,-0.3960169545819551
obs_139,-0.5947646508457767,-0.249055593275956,0.4083486890259317,3.450490532379893,1.1070726618454716,1.4794251793264575,1.8018741539964132,0.8810186461040076,2.2222714548361213,-0.11707016721757885,-2.0033458880093082,-1.844521187087656
obs_140,-1.2444589672157749,2.001477578626838,0.5512697598068971,-1.3723179600445645,-0.6212259760472556,-0.7033051552066526,-0.6079348422011269,-0.8469417190138722,0.39240849608528794,0.6482379318702587,-3.0343412738605395,0.14951489308919425
obs_141,0.6591135873197987,0.2780744912506414,0.6113588451315993,3.5338893160357867,0.7442412893118348,1.2744669020369674,3.2460818306709793,2.050780518774832,2.109604084073126,0.9792674681281315,-4.966114964428374,-3.0171114051261574
obs_142,-0.1321015416208023,-0.4444260473221253,-0.6384013007608884,3.579677360845734,0.49031951780333954,0.9294290323257202,2.5719124876153447,1.7971829228837264,0.11847393083647607,0.4389579746285698,-3.9229405397722825,-2.9959295817439195
obs_143,0.548452165467131,2.2651577546263533,-0.43973739898270525,-1.0488760853407268,-0.19023509720205656,-1.1368270890382313,-0.22162457772325628,0.27651351610201114,1.4110368775692534,0.8405728863842838,-4.883743498332375,-0.1063559213800082
obs_144,0.8039096020722926,0.3045312435967519,0.3018116808931593,-0.8922395613267913,0.33848556351432485,0.6353196489494243,-0.4099231729840816,-0.5086206002686487,2.041855345519629,0.35974287534957566,1.058037589362599,0.3296701464073927
obs_145,5.5121626358391875,-0.3869457248358913,-1.6694829392522705,-2.6726467700183365,1.5885696573711576,3.1632302872419884,-1.8531708951505885,1.0661554046732689,6.232327439764748,0.8241726040853646,5.594024346117608,1.90989219530682
obs_146,1.395259494323869,-1.3720358732919622,0.6596861511901122,0.29405991470624415,1.2752004902067475,3.4377596545492155,-0.33588811878571306,0.470730741594765,4.574039889495718,-0.3746675244621045,4.809106668767541,0.7652609599128606
obs_147,-0.15078706409191373,0.05509390736455892,-0.27186096040382873,1.64480941933082,0.3069596627453335,-0.06246578910915379,1.5955197286707163,1.427556133560671,-0.33599128294251124,0.17108000675813823,-2.558956891659142,-1.856171974699955
obs_148,1.9498616567995348,0.006095002513662462,-0.8827725041629106,0.514314838162065,0.32163455616656506,1.920958549523703,1.0437550020617101,1.7494391428567462,1.818425449009286,0.5195949967818139,-0.28283029951470606,-0.9873230763114622
obs_149,2.626966496090721,0.44198441553809414,-1.3098807118859233,-1.2600313392362683,0.7792707091143098,0.4158489911061782,-0.24699903264835688,1.5866187441437156,1.9732421790351746,1.572960615901017,-0.45378041051309814,-0.04293472270747428
obs_150,-0.6701809575867924,0.6981314813525356,-0.2394098259304795,0.08837315311863553,-0.6024957098064312,-0.7440387283454237,0.23405520406544394,-0.504552933212439,-1.5829357123737495,0.33754299293097695,-1.7421504752234929,0.06811414395798293
obs_151,0.1383400260082961,0.9662195564308267,-0.18391882614819818,2.37086934343589,0.4455443728125624,0.1728165757567987,2.281727907058415,1.4492540957566593,0.22960892529516602,1.132709243548439,-5.4116209598387135,-2.1949076038311817
obs_152,0.41771260901971946,-0.2051641685418889,-0.12652860732711524,1.5426805036974471,0.5181841954123089,0.9938390166779427,1.0161659421844509,0.7140896006728226,1.1426999769475343,0.33448338847916037,-0.5378548494138735,-1.3306786025081663
obs_153,-3.249047434596253,-0.24475412597664503,1.0988687937976782,3.076898235968581,0.4537312581535291,-0.09184636663216753,2.2606274612237773,0.061869701225290466,-0.417379588848986,-0.06119368146323512,-3.0591121825686027,-2.542878865014497
obs_154,1.9683407685644236,-0.010736664969400136,0.2007646960836406,-2.9178019754763658,0.4001667876590104,2.6122440011586487,-1.67871106689286,0.07635152474109014,5.594290467546575,-0.42191987854041135,5.833884671479293,2.684103282389446
obs_155,-1.1879359689683882,1.7994535926037234,-0.21170215047834962,3.869859395715341,-0.101362354844625,-2.4229285315479605,4.137357837411025,1.6220624551004956,-2.8708245775108767,1.3739761264845294,-10.248645062454917,-4.421608409174905
obs_156,-0.16519432449006982,0.5051871185672211,-0.09771373779353065,4.88678399231094,0.29381494694700344,-1.3402341305103507,3.275091044260647,2.0680068011541826,-2.8416432576279202,1.5128151626475959,-8.585967011787485,-3.9374367402039514
obs_157,1.9135790783457747,-0.6738481813232666,-0.8633621944587982,1.5431423518932144,1.9233114441215153,2.7356013950858395,1.529889054135452,1.4317494278718044,4.040083951770846,0.9882239563302633,0.27682356434630595,-1.4012001123650635
obs_158,0.0214670314959212,-1.64215407975852,0.7154168902808067,3.988879593520812,1.061273009263513,2.3218423039404716,2.3270282919231127,1.9443852599539593,1.5193408457767308,-0.2878586745885956,-0.6226392841231061,-2.4320464813205573
obs_159,2.2103853532948454,1.6938116167755957,-0.313842238335158,0.37618698925407107,0.4097797697537047,0.9543027836192964,1.432145110179382,1.6995864317721217,2.8016210623184117,0.7534364147359225,-2.197471517114173,-1.3077015884445529
obs_160,-0.8333126702264602,1.8088374710528075,-0.23248358538644945,-1.3399475384247042,-0.9672569295378292,-1.3813956402543255,0.5176807502036016,-0.5673938535142283,-0.17146645763979204,-0.2628941963021146,-3.2242879971392746,-0.41914104215277054
obs_161,1.534394972811846,-0.2949957135030945,0.08156418331640913,2.604008499555908,0.7771939097576284,1.2150870152087356,2.53249237592907,2.177625752645522,1.5097022976278562,0.6996144432824152,-2.873526682976859,-2.342308621843508
obs_162,1.820756371954969,1.9425281012392202,-0.04107214012050597,-3.3840959364940497,-0.5958997629052372,0.4439990493795255,-0.8293570339285657,-0.04437182104223003,3.9271095012356887,0.6275066947446537,-0.49621148039905855,1.2970718267796413
obs_163,1.9881933966865857,1.612944479456207,-0.39926916923693356,2.5964110902683166,0.4034109090471355,-0.11151212865049598,3.7111988009716343,2.4294860004772474,1.4768114374502497,1.780111894339362,-6.7694542286886294,-2.833593079179909
obs_164,-1.209264007842936,-1.408990241728401,1.6441913923679028,3.6469353295115674,1.7858358549587237,3.308579070834583,1.7673923804029257,0.5031200560003476,3.07262564106648,-0.40776950452253596,1.4775470830196393,-1.699406349934111
obs_165,-0.31312654138148766,0.24590337132103018,0.005668862764763499,3.4507999786673063,0.7515817816117423,0.8735296995093242,3.106175276142509,2.0039485654048685,1.251623639295227,0.4714343507937414,-5.425294105358563,-3.022083949686785
obs_166,2.6561940904029857,-1.160524391623118,0.3265988396379652,3.762399832833876,1.399735399825564,3.8732337599980364,2.4729920335242603,3.3088924506537136,3.541592193582556,0.793856136320777,0.7803985952968141,-1.7843041898674745
obs_167,2.5535569794680373,1.221999980307269,-0.6825643540081656,0.6341232120445564,0.3312432624057425,0.7196920452252047,1.6029801102605803,2.10627040852537,1.051046083022905,1.246849084371937,-3.5240536804861615,-1.5892907795100517
obs_168,2.129437919409878,2.5839210253411857,-1.2540017805369281,-1.5125970225705139,-0.8390346611695272,-1.5773024715550779,0.768509178644004,1.1973354234681344,0.8741501571178271,1.8297649901096393,-5.7634320598157185,-0.6744541379478702
obs_169,2.508646075422501,-1.1679957410663921,0.09681462266463789,-0.46042341299043993,2.178027503206901,3.5671650559365604,-0.3381276525034427,1.437387125431847,6.341322616557525,0.06920749037739374,5.858375530993461,1.0525786957482772
obs_170,-1.7220969024859663,-1.0228134024638362,1.157201507012014,3.3146861724792283,0.7736754754252909,1.898039715555694,2.071977047831553,0.5326536166657868,1.2414117696474627,-0.3237281702052751,-0.9813465135562981,-1.9014850491725708
obs_171,-0.6651699916047402,-0.10586377144827154,0.43886333430033775,0.7075066256480331,0.34706342008450486,0.86295223375771,1.0833770338235273,-0.13977145816091968,2.2661497368612484,-0.4340206460819034,0.6141960732969296,-0.3606428814033215
obs_172,0.5186514779257902,-0.5615358735775127,0.25203729045671497,1.2628760484532129,0.7050921591567474,1.508884896881386,0.5542319472686538,1.113262034662523,1.2140612471981314,0.4290543175907956,-0.057537632320147664,-0.9507849969803833
obs_173,-1.406183696919189,0.23606476078695446,0.9417039869368646,3.2959164693898106,0.25433434952551637,0.25466475481555084,2.1070289440855627,0.6226070449180191,0.23319104073650113,0.3622256617229911,-5.47190534514629,-2.7128782159825264
obs_174,-0.6247275599148219,2.1515300255793064,0.8776008614440611,-2.485863697526773,-0.4466110810567646,-1.0963360688212833,-0.6980936378179191,-1.3036331878956677,2.1823909241037835,-0.06575622769533337,-2.0637368807115486,0.4792642180773069
obs_175,-2.621730434195919,0.49297182269974904,1.1943890699239084,0.6279322746116025,0.5334241059570148,0.4370705968663313,-0.08997888677443648,-1.2064820696465581,2.3272663494720227,-0.7309692676988737,0.9260936261460053,-0.2649509686884251
obs_176,-8.568012397687173,0.15544407029840313,3.9873455288256188,2.403752198129531,0.1429357309313593,1.336541081322381,0.9776576893465978,-4.014182537311188,3.205361388105853,-2.3860288063672472,0.05384509700682488,-1.4422828790424185
obs_177,9.24446017550869,6.3276086580287965,5.4720288023661565,4.396962688947447,7.718507810932319,8.413717071801658,5.022948627158385,7.093115194431872,10.6803357014355,6.623001709310002,9.763596272713206,7.267609927843733
obs_178,-9.081257566982151,-6.152239531853041,-6.98299606398728,-3.439586634144988,-7.989728263818307,-9.12291465515576,-3.0747853488014143,-6.0159800101357686,-10.618845120129148,-6.15515930971166,-16.91970535710675,-10.76181443752606
obs_179,10.902835693184858,7.610371935343458,7.351370235587408,5.812426780380301,8.456874959200137,9.627715595160424,7.162015432173238,8.812814075814495,11.611909917985855,8.923341144627148,11.113419013314715,9.209504469492344
